{
  "TITLE": "",
  "DESCRIPTION": "",
  "Summary": "",
  "Owner": "",
  "Tags": [],
  "Created": "2025-09-15",
  "Last Updated": "2025-09-15",
  "TimerStats": {
    "version": 1,
    "bin_edges_sec": [
      30,
      60,
      120,
      300,
      600,
      1200,
      1800,
      3600,
      7200
    ],
    "overall": {
      "runs": 4,
      "hist": [
        0,
        0,
        0,
        1,
        3,
        0,
        0,
        0
      ],
      "ewma_sec": 345.3319806875,
      "last_durations_sec": [
        366,
        297,
        318,
        356
      ]
    },
    "by_doc_type": {
      "EPSA": {
        "runs": 3,
        "hist": [
          0,
          0,
          0,
          0,
          3,
          0,
          0,
          0
        ],
        "ewma_sec": 354.98051506250005,
        "last_durations_sec": [
          366,
          318,
          356
        ]
      },
      "WCCA": {
        "runs": 0,
        "hist": [
          0,
          0,
          0,
          0,
          0,
          0,
          0,
          0
        ],
        "ewma_sec": null,
        "last_durations_sec": []
      },
      "FMEA": {
        "runs": 1,
        "hist": [
          0,
          0,
          0,
          1,
          0,
          0,
          0,
          0
        ],
        "ewma_sec": 297.802509,
        "last_durations_sec": [
          297
        ]
      }
    },
    "updated_at": "2025-09-16"
  }
}